Time,Concentration
0,0.997580503
10,0.913352535
20,0.82714862
30,0.747233032
60,0.554531508
90,0.403360289
120,0.295939561
150,0.231673141
180,0.166146895
240,0.092015505
300,0.056763627
330,0.032792434
